Line,N,PctRefr
1,1733,0
2,841,15.457788
3,462,33.116882
4,258,65.503876
5,134,75.373131
6,59,84.745766
