MNR,N,Failures,Median,P25,P75
1,301,164,22.997946,,
5,82,76,10.447639,,
0,13,,,,
