MNR,N,Failures,Median,P25,P75
1,301,164,22.997946,5.322382,53.289528
5,82,84,11.137577,6.3408623,
0,65,55,7.3593431,3.778234,21.749487
