BCR,N,Median,Y1,Y2,Y3,Y4,Y5,Y6,Y7,Y8,Y10,Censored
1,111,79.14579,.93202281,.92092729,.8126483,.78209758,.67576694,.54425406,.42762819,.38011396,.38011396,70.270271
2,182,63.835728,.90314573,.81840849,.69461066,.62449479,.5431878,.43887809,.3420803,.29117548,.19966319,57.692307
3,251,41.790554,.87694573,.70012558,.5748409,.482526,.39277947,.3424902,.32692248,.26916617,.24469651,49.800797
4,80,32.459957,.71280277,.57151204,.47567531,.30926555,.25303546,.17712481,.17712481,.13284361,,36.25
5,124,58.907597,.83662468,.68458515,.62736017,.55077314,.44141963,.39030787,.34151939,.24394242,.24394242,54.838711
6,72,20.435318,.58141643,.38574746,.18265572,.16236064,.14206555,.12177048,.050737698,,,19.444445
