CM,N,Median,Y1,Y2,Y3,Y4,Y5,Y6,Y7,Y8,Y10,Censored
0,965,97.90554,.95350999,.8928315,.83988756,.75690836,.69881791,.63316333,.57628477,.51274002,.40932736,69.430054
1,653,55.917866,.88537753,.76970136,.66948891,.57116824,.48894531,.37255409,.32720622,.25594917,.20567343,52.526798
2,270,44.090347,.83977306,.71058249,.59124047,.46621954,.38406414,.34921569,.27409092,.20059395,.1755197,46.296295
