N,ASCT,L2,L3,L4,L5,L6,L7,L8
1888,45.37756,71.199532,74.411964,67.901382,61.057606,51.628941,53.012703,70.314255
