BCR,N,Mean,Median,P25,P75,Censored,M12,M24
1,232,76.469444,68.533882,26.677618,124.74744,59.482758,90.143402,79.274864
2,254,69.923569,50.464066,22.767967,,58.267715,81.704575,73.415512
3,122,54.705143,40.9692,21.979465,83.285423,47.540985,86.214218,69.225555
4,27,64.936211,44.616016,24.640657,123.23614,51.851852,76.887871,76.887871
