BCR,N,Mean,Median,P25,P75,Censored
1,20,17.550905,2.5954826,.68993843,45.535934,30
2,53,15.088673,2.8254621,.82135522,16.591375,22.64151
3,99,28.016054,1.6427104,.42710471,8.4106779,28.282827
4,45,9.901103,.91991788,.19712526,3.6796715,26.666666
5,37,6.6727958,.95277208,.29568788,1.7084188,18.918919
6,76,7.5761976,.98562628,.22997947,6.3737168,36.842106
