BCR,N,Mean,Median,P25,P75,Censored,M12,M24
1,91,53.395142,32.657085,11.268993,80.492813,57.142857,71.519325,57.349121
2,221,30.494686,9.2648869,1.3470225,52.139629,34.389141,44.451996,31.267235
3,294,19.109632,2.0041068,.39425051,13.995893,24.14966,26.394604,17.544998
4,91,19.394014,.72279263,.22997947,2.8583162,25.274725,22.71401,20.442608
5,45,27.836422,.88706368,.22997947,,37.777779,37.865017,37.865017
6,26,7.2072058,1.3798769,.42710471,8.6735115,38.46154,24.139835,24.139835
