BCR,N,Mean,Median,P25,P75,Censored,M12,M24
1,66,39.989578,16.85421,1.4455853,105.82341,37.878788,55.349575,42.602814
2,151,31.386518,12.977413,.91991788,61.010265,39.072849,50.406105,40.120903
3,211,26.547302,4.3696098,.59137577,27.301847,29.383886,38.52536,25.532459
4,71,9.0432949,.98562628,.22997947,9.8562632,28.169014,21.692305,15.817306
5,62,16.123856,1.3798769,.22997947,25.724846,27.419355,30.697723,26.12961
6,70,3.3765547,.45995894,.16427104,1.4784395,17.142857,9.5013103,9.5013103
