BCR,N,Mean,Median,P25,P75,Censored,M12,M24
1,47,32.602192,18.464066,7.7864475,57.330597,42.553192,63.675777,48.931297
2,80,21.511505,11.991786,5.979466,42.644764,30,49.285484,28.564583
3,121,19.722754,9.0349073,3.7453799,25.59343,35.537189,39.133659,25.450729
4,49,7.3922067,4.5667353,1.6098562,11.86037,12.244898,23.17527,5.8857827
5,63,16.661139,5.5523615,2.7597537,10.579056,41.26984,21.669668,15.168768
6,78,11.986754,2.4969199,.95277208,5.2566733,32.051281,17.171717,15.454545
