BCR,N,Mean,Median,P25,P75,Censored,M12,M24
1,232,4.1093254,3.7125256,2.8583162,4.9609857,0,.86206895,0
2,255,4.2232475,3.6796715,2.9240246,4.8295689,0,1.1764706,0
3,122,3.9002256,3.5154004,2.7597537,4.4353185,0,0,0
4,27,4.1566658,3.6796715,3.0554414,4.4024639,0,3.7037036,0
