scenario,run_N,dC,dQ,icer,sd_pp_dC,sd_pp_dQ,mcsd_dC_runN,mcsd_dQ_runN,target_dQ,reqN_dQ
B_transport,296191,110285.31,.11868604,929218.94,233003.16,2.1229899,428.13022,.0039008744,.0049999999,180284
