N,ASCT,L2,L3,L4,L5,L6,L7,L8
1888,45.37756,71.199532,50.193924,34.820385,18.887186,30.975832,27.445395,26.365387
